[
  {
    "id": "1",
    "name": "ABDEL OPTIQUE DU CENTRE",
    "address": "133 RUE JEAN JAURES",
    "postalCode": "94700",
    "city": "MAISONS-ALFORT",
    "country": "FRA",
    "fullAddress": "133 RUE JEAN JAURES, 94700 MAISONS-ALFORT",
    "latitude": 48.8076,
    "longitude": 2.4378
  },
  {
    "id": "2",
    "name": "ADNOOPTIQUE",
    "address": "116 RUE HELENE COCHENNEC",
    "postalCode": "93300",
    "city": "AUBERVILLIERS",
    "country": "FRA",
    "fullAddress": "116 RUE HELENE COCHENNEC, 93300 AUBERVILLIERS",
    "latitude": 48.9147,
    "longitude": 2.3825
  },
  {
    "id": "3",
    "name": "A & F OPTIC",
    "address": "4 RUE AUGUSTE DELAGE",
    "postalCode": "69680",
    "city": "CHASSIEU",
    "country": "FRA",
    "fullAddress": "4 RUE AUGUSTE DELAGE, 69680 CHASSIEU",
    "latitude": 45.7433,
    "longitude": 4.9667
  },
  {
    "id": "4",
    "name": "AIR OPTIQUE",
    "address": "16 AVENUE PAUL VAILLANT COUTURIER",
    "postalCode": "94400",
    "city": "VITRY-SUR-SEINE",
    "country": "FRA",
    "fullAddress": "16 AVENUE PAUL VAILLANT COUTURIER, 94400 VITRY-SUR-SEINE",
    "latitude": 48.7875,
    "longitude": 2.3928
  },
  {
    "id": "5",
    "name": "AKKA OTIKA INSTRUMENT",
    "address": "11 BIS RUE LOUIS GRANAND",
    "postalCode": "39400",
    "city": "MOREZ",
    "country": "FRA",
    "fullAddress": "11 BIS RUE LOUIS GRANAND, 39400 MOREZ",
    "latitude": 46.5178,
    "longitude": 6.0253
  },
  {
    "id": "6",
    "name": "AVENIR OPTIC",
    "address": "2 PLACE STE MARTHE",
    "postalCode": "57350",
    "city": "STIRING-WENDEL",
    "country": "FRA",
    "fullAddress": "2 PLACE STE MARTHE, 57350 STIRING-WENDEL",
    "latitude": 49.2000,
    "longitude": 6.9333
  },
  {
    "id": "7",
    "name": "PHARMACIE ARC EN CIEL",
    "address": "C CIAL ARC EN CIEL",
    "postalCode": "95140",
    "city": "GARGES-LES-GONESSE",
    "country": "FRA",
    "fullAddress": "C CIAL ARC EN CIEL, 95140 GARGES-LES-GONESSE",
    "latitude": 48.9731,
    "longitude": 2.4042
  },
  {
    "id": "8",
    "name": "ARIA OPTIC",
    "address": "21 RUE DESIRE DELANSORNE",
    "postalCode": "62000",
    "city": "ARRAS",
    "country": "FRA",
    "fullAddress": "21 RUE DESIRE DELANSORNE, 62000 ARRAS",
    "latitude": 50.2917,
    "longitude": 2.7775
  },
  {
    "id": "9",
    "name": "AROPTIC",
    "address": "81 BLD PASTEUR",
    "postalCode": "93120",
    "city": "LA COURNEUVE",
    "country": "FRA",
    "fullAddress": "81 BLD PASTEUR, 93120 LA COURNEUVE",
    "latitude": 48.9281,
    "longitude": 2.3964
  },
  {
    "id": "10",
    "name": "VIEWS BASTILLE",
    "address": "95 AVENUE LEDRU ROLLIN",
    "postalCode": "75011",
    "city": "PARIS",
    "country": "FRA",
    "fullAddress": "95 AVENUE LEDRU ROLLIN, 75011 PARIS",
    "latitude": 48.8500,
    "longitude": 2.3750
  },
  {
    "id": "11",
    "name": "ART DE LA VUE",
    "address": "28 BIS RUE J.-J.ROUSSEAU",
    "postalCode": "93190",
    "city": "LIVRY-GARGAN",
    "country": "FRA",
    "fullAddress": "28 BIS RUE J.-J.ROUSSEAU, 93190 LIVRY-GARGAN",
    "latitude": 48.9192,
    "longitude": 2.5356
  },
  {
    "id": "12",
    "name": "ATOL",
    "address": "195 VOIE GEORGES POMPIDOU",
    "postalCode": "83300",
    "city": "DRAGUIGNAN",
    "country": "FRA",
    "fullAddress": "195 VOIE GEORGES POMPIDOU, 83300 DRAGUIGNAN",
    "latitude": 43.5369,
    "longitude": 6.4647
  },
  {
    "id": "13",
    "name": "ATOL MON OPTICIEN",
    "address": "CC BEAU SEVRAN",
    "postalCode": "93270",
    "city": "SEVRAN",
    "country": "FRA",
    "fullAddress": "CC BEAU SEVRAN, 93270 SEVRAN",
    "latitude": 48.9386,
    "longitude": 2.5317
  },
  {
    "id": "14",
    "name": "ATOL CERGY 3 FONTAINES",
    "address": "13-16 RUE DES GALERIES",
    "postalCode": "95000",
    "city": "CERGY",
    "country": "FRA",
    "fullAddress": "13-16 RUE DES GALERIES, 95000 CERGY",
    "latitude": 49.0361,
    "longitude": 2.0631
  },
  {
    "id": "15",
    "name": "ATOL",
    "address": "6 RUE DE LA MARNE",
    "postalCode": "51000",
    "city": "CHÂLONS-EN-CHAMPAGNE",
    "country": "FRA",
    "fullAddress": "6 RUE DE LA MARNE, 51000 CHÂLONS-EN-CHAMPAGNE",
    "latitude": 48.9567,
    "longitude": 4.3631
  },
  {
    "id": "16",
    "name": "AU BON OEIL",
    "address": "2 BOULEVARD ICARD ET FRANCOIS MAURIAC",
    "postalCode": "13010",
    "city": "MARSEILLE",
    "country": "FRA",
    "fullAddress": "2 BOULEVARD ICARD ET FRANCOIS MAURIAC, 13010 MARSEILLE",
    "latitude": 43.2756,
    "longitude": 5.4006
  },
  {
    "id": "17",
    "name": "AU COMPTOIR DE L'IRIS",
    "address": "41 BOULEVARD DU GENERAL LECLERCQ",
    "postalCode": "59100",
    "city": "ROUBAIX",
    "country": "FRA",
    "fullAddress": "41 BOULEVARD DU GENERAL LECLERCQ, 59100 ROUBAIX",
    "latitude": 50.6942,
    "longitude": 3.1746
  },
  {
    "id": "18",
    "name": "AUDIOPTIKA",
    "address": "25 RUE PAUL VAILLANT COUTURIER",
    "postalCode": "95100",
    "city": "ARGENTEUIL",
    "country": "FRA",
    "fullAddress": "25 RUE PAUL VAILLANT COUTURIER, 95100 ARGENTEUIL",
    "latitude": 48.9472,
    "longitude": 2.2467
  },
  {
    "id": "19",
    "name": "AULNOY OPTIC",
    "address": "21 BOULEVARD PIERRE MENDES",
    "postalCode": "77500",
    "city": "CHELLES",
    "country": "FRA",
    "fullAddress": "21 BOULEVARD PIERRE MENDES, 77500 CHELLES",
    "latitude": 48.8822,
    "longitude": 2.5936
  },
  {
    "id": "20",
    "name": "AURES OPTIC",
    "address": "35 BOULEVARD BERNABO",
    "postalCode": "13015",
    "city": "MARSEILLE",
    "country": "FRA",
    "fullAddress": "35 BOULEVARD BERNABO, 13015 MARSEILLE",
    "latitude": 43.3397,
    "longitude": 5.3564
  },
  {
    "id": "21",
    "name": "AUTRE VUE",
    "address": "58 AVENUE DE FLANDRE",
    "postalCode": "75019",
    "city": "PARIS",
    "country": "FRA",
    "fullAddress": "58 AVENUE DE FLANDRE, 75019 PARIS",
    "latitude": 48.8897,
    "longitude": 2.3744
  },
  {
    "id": "22",
    "name": "AZ AUDIOPTIC",
    "address": "270 RUE PIERRE MENDES",
    "postalCode": "78370",
    "city": "PLAISIR",
    "country": "FRA",
    "fullAddress": "270 RUE PIERRE MENDES, 78370 PLAISIR",
    "latitude": 48.8231,
    "longitude": 1.9481
  },
  {
    "id": "23",
    "name": "AZDAY OPTIC",
    "address": "39 RUE DE DUNKERQUE",
    "postalCode": "75010",
    "city": "PARIS",
    "country": "FRA",
    "fullAddress": "39 RUE DE DUNKERQUE, 75010 PARIS",
    "latitude": 48.8800,
    "longitude": 2.3500
  },
  {
    "id": "24",
    "name": "LE MONDE DE L'OPTIQUE",
    "address": "4 RUE DE STOCKHOLM",
    "postalCode": "90000",
    "city": "BELFORT",
    "country": "FRA",
    "fullAddress": "4 RUE DE STOCKHOLM, 90000 BELFORT",
    "latitude": 47.6397,
    "longitude": 6.8628
  },
  {
    "id": "25",
    "name": "BSD OPTIC",
    "address": "21 BOULEVARD BARBES",
    "postalCode": "75018",
    "city": "PARIS",
    "country": "FRA",
    "fullAddress": "21 BOULEVARD BARBES, 75018 PARIS",
    "latitude": 48.8847,
    "longitude": 2.3494
  },
  {
    "id": "26",
    "name": "OPTICIEN D'EXCEPTION",
    "address": "3 BOULEVARD DE LA DORDOGNE",
    "postalCode": "67000",
    "city": "STRASBOURG",
    "country": "FRA",
    "fullAddress": "3 BOULEVARD DE LA DORDOGNE, 67000 STRASBOURG",
    "latitude": 48.5734,
    "longitude": 7.7521
  },
  {
    "id": "27",
    "name": "BDEB EYEWEAR",
    "address": "16 RUE OLIVIER MESSIAEN",
    "postalCode": "75013",
    "city": "PARIS",
    "country": "FRA",
    "fullAddress": "16 RUE OLIVIER MESSIAEN, 75013 PARIS",
    "latitude": 48.8322,
    "longitude": 2.3561
  },
  {
    "id": "28",
    "name": "MES BELLES LUNETTES",
    "address": "57 BOULEVARD FOCH",
    "postalCode": "93800",
    "city": "ÉPINAY-SUR-SEINE",
    "country": "FRA",
    "fullAddress": "57 BOULEVARD FOCH, 93800 ÉPINAY-SUR-SEINE",
    "latitude": 48.9531,
    "longitude": 2.3097
  },
  {
    "id": "29",
    "name": "BINOCL'ART",
    "address": "CHAUSSEE DE WATERLOO 974",
    "postalCode": "1180",
    "city": "UCCLE",
    "country": "BEL",
    "fullAddress": "CHAUSSEE DE WATERLOO 974, 1180 UCCLE",
    "latitude": 50.8036,
    "longitude": 4.3511
  },
  {
    "id": "30",
    "name": "OPTICAL BLINK",
    "address": "5 PLACE DU 25 AOUT 1944",
    "postalCode": "75014",
    "city": "PARIS",
    "country": "FRA",
    "fullAddress": "5 PLACE DU 25 AOUT 1944, 75014 PARIS",
    "latitude": 48.8392,
    "longitude": 2.3216
  },
  {
    "id": "31",
    "name": "BRIGHT 10 OPTIQUE",
    "address": "61 BOULEVARD BARBES",
    "postalCode": "75018",
    "city": "PARIS",
    "country": "FRA",
    "fullAddress": "61 BOULEVARD BARBES, 75018 PARIS",
    "latitude": 48.8869,
    "longitude": 2.3508
  },
  {
    "id": "32",
    "name": "CAMSI EYES",
    "address": "93 AVENUE GABRIEL PERI",
    "postalCode": "92600",
    "city": "ASNIÈRES-SUR-SEINE",
    "country": "FRA",
    "fullAddress": "93 AVENUE GABRIEL PERI, 92600 ASNIÈRES-SUR-SEINE",
    "latitude": 48.9139,
    "longitude": 2.2875
  },
  {
    "id": "33",
    "name": "CARL OPTIQUE",
    "address": "3 AVENUE RAYMOND POINCARE",
    "postalCode": "68000",
    "city": "COLMAR",
    "country": "FRA",
    "fullAddress": "3 AVENUE RAYMOND POINCARE, 68000 COLMAR",
    "latitude": 48.0794,
    "longitude": 7.3558
  },
  {
    "id": "34",
    "name": "CARTIER OPTIQUE",
    "address": "CENTRE COMMERCIAL AUCHAN LA FOUX",
    "postalCode": "83580",
    "city": "GASSIN",
    "country": "FRA",
    "fullAddress": "CENTRE COMMERCIAL AUCHAN LA FOUX, 83580 GASSIN",
    "latitude": 43.2286,
    "longitude": 6.5861
  },
  {
    "id": "35",
    "name": "LA VISION BY W.M. VISION A",
    "address": "9 AVENUE D'ESTREES",
    "postalCode": "97300",
    "city": "CAYENNE",
    "country": "GUF",
    "fullAddress": "9 AVENUE D'ESTREES, 97300 CAYENNE",
    "latitude": 4.9333,
    "longitude": -52.3333
  },
  {
    "id": "36",
    "name": "CELINE ROLAND LUNETIER",
    "address": "14 RUE LOUIS PASTEUR",
    "postalCode": "68100",
    "city": "MULHOUSE",
    "country": "FRA",
    "fullAddress": "14 RUE LOUIS PASTEUR, 68100 MULHOUSE",
    "latitude": 47.7508,
    "longitude": 7.3359
  },
  {
    "id": "37",
    "name": "CENTRE OPTIQUE",
    "address": "9 RUE DU GENERAL DE GAULLE",
    "postalCode": "95880",
    "city": "ENGHIEN-LES-BAINS",
    "country": "FRA",
    "fullAddress": "9 RUE DU GENERAL DE GAULLE, 95880 ENGHIEN-LES-BAINS",
    "latitude": 48.9692,
    "longitude": 2.3078
  },
  {
    "id": "38",
    "name": "CERCLE OPTICAL",
    "address": "121-123 AVENUE DU GENERAL DE GAULLE",
    "postalCode": "94500",
    "city": "CHAMPIGNY-SUR-MARNE",
    "country": "FRA",
    "fullAddress": "121-123 AVENUE DU GENERAL DE GAULLE, 94500 CHAMPIGNY-SUR-MARNE",
    "latitude": 48.8172,
    "longitude": 2.5156
  },
  {
    "id": "39",
    "name": "CHOUF",
    "address": "8 BOULEVARD DE LA CHAPELLE",
    "postalCode": "75018",
    "city": "PARIS",
    "country": "FRA",
    "fullAddress": "8 BOULEVARD DE LA CHAPELLE, 75018 PARIS",
    "latitude": 48.8839,
    "longitude": 2.3589
  },
  {
    "id": "40",
    "name": "CLIN D'OEIL OPTICIEN",
    "address": "2 RUE DES CLEFS",
    "postalCode": "68000",
    "city": "COLMAR",
    "country": "FRA",
    "fullAddress": "2 RUE DES CLEFS, 68000 COLMAR",
    "latitude": 48.0778,
    "longitude": 7.3589
  },
  {
    "id": "41",
    "name": "CONCEPT OPTIQUE",
    "address": "5 COURS TOLSTOI",
    "postalCode": "69100",
    "city": "VILLEURBANNE",
    "country": "FRA",
    "fullAddress": "5 COURS TOLSTOI, 69100 VILLEURBANNE",
    "latitude": 45.7676,
    "longitude": 4.8797
  },
  {
    "id": "42",
    "name": "COTY OPTIQUE",
    "address": "32 RUE ANDRE CAPLET",
    "postalCode": "76600",
    "city": "LE HAVRE",
    "country": "FRA",
    "fullAddress": "32 RUE ANDRE CAPLET, 76600 LE HAVRE",
    "latitude": 49.4939,
    "longitude": 0.1079
  },
  {
    "id": "43",
    "name": "CREATIV'OPTIQUE",
    "address": "29 RUE DE LA LIBERTE",
    "postalCode": "57520",
    "city": "GROSBLIEDERSTROFF",
    "country": "FRA",
    "fullAddress": "29 RUE DE LA LIBERTE, 57520 GROSBLIEDERSTROFF",
    "latitude": 49.1564,
    "longitude": 7.0278
  },
  {
    "id": "44",
    "name": "OPTIC AUDIO CRESSON",
    "address": "33 AVENUE VICTOR CRESSON",
    "postalCode": "92130",
    "city": "ISSY-LES-MOULINEAUX",
    "country": "FRA",
    "fullAddress": "33 AVENUE VICTOR CRESSON, 92130 ISSY-LES-MOULINEAUX",
    "latitude": 48.8239,
    "longitude": 2.2700
  },
  {
    "id": "45",
    "name": "DEESSE OPTICAL",
    "address": "50 RUE DES LYS",
    "postalCode": "91150",
    "city": "ÉTAMPES",
    "country": "FRA",
    "fullAddress": "50 RUE DES LYS, 91150 ÉTAMPES",
    "latitude": 48.4344,
    "longitude": 2.1614
  },
  {
    "id": "46",
    "name": "VOGUE DIFFUSION OPTIQUE",
    "address": "52 ROUTE DE BORNY",
    "postalCode": "57072",
    "city": "METZ",
    "country": "FRA",
    "fullAddress": "52 ROUTE DE BORNY, 57072 METZ",
    "latitude": 49.1193,
    "longitude": 6.1757
  },
  {
    "id": "47",
    "name": "DOM'OPTIK",
    "address": "25 RUE DE NOGENT",
    "postalCode": "95290",
    "city": "L'ISLE-ADAM",
    "country": "FRA",
    "fullAddress": "25 RUE DE NOGENT, 95290 L'ISLE-ADAM",
    "latitude": 49.1086,
    "longitude": 2.2267
  },
  {
    "id": "48",
    "name": "EFFET D'OPTIC",
    "address": "3 PLACE DE L'EGLISE",
    "postalCode": "93600",
    "city": "AULNAY-SOUS-BOIS",
    "country": "FRA",
    "fullAddress": "3 PLACE DE L'EGLISE, 93600 AULNAY-SOUS-BOIS",
    "latitude": 48.9386,
    "longitude": 2.4942
  },
  {
    "id": "49",
    "name": "HISTOIRE D'OPTIC",
    "address": "97 RUE DE BELLEVILLE",
    "postalCode": "75019",
    "city": "PARIS",
    "country": "FRA",
    "fullAddress": "97 RUE DE BELLEVILLE, 75019 PARIS",
    "latitude": 48.8722,
    "longitude": 2.3908
  },
  {
    "id": "50",
    "name": "ELLA OPTIC",
    "address": "8 RUE GEORGES SEURAT",
    "postalCode": "93600",
    "city": "AULNAY-SOUS-BOIS",
    "country": "FRA",
    "fullAddress": "8 RUE GEORGES SEURAT, 93600 AULNAY-SOUS-BOIS",
    "latitude": 48.9400,
    "longitude": 2.5000
  },
  {
    "id": "51",
    "name": "IRENA MYRTA",
    "address": "BULEVARDI BAJRAM CURRI 156",
    "postalCode": "1001",
    "city": "TIRANA",
    "country": "ALB",
    "fullAddress": "BULEVARDI BAJRAM CURRI 156, 1001 TIRANA",
    "latitude": 41.3275,
    "longitude": 19.8187
  },
  {
    "id": "52",
    "name": "HOUSE OPTIC",
    "address": "168 BIS AVENUE PIERRE SEMARD",
    "postalCode": "95400",
    "city": "VILLIERS-LE-BEL",
    "country": "FRA",
    "fullAddress": "168 BIS AVENUE PIERRE SEMARD, 95400 VILLIERS-LE-BEL",
    "latitude": 49.0092,
    "longitude": 2.3939
  },
  {
    "id": "53",
    "name": "ESEA OPTIQUE ET AUDITION",
    "address": "10 RUE DU GENERAL JULIEN",
    "postalCode": "93800",
    "city": "ÉPINAY-SUR-SEINE",
    "country": "FRA",
    "fullAddress": "10 RUE DU GENERAL JULIEN, 93800 ÉPINAY-SUR-SEINE",
    "latitude": 48.9556,
    "longitude": 2.3111
  },
  {
    "id": "54",
    "name": "EYE OPTICAL",
    "address": "5 RUE DE SPRIMONT",
    "postalCode": "95360",
    "city": "MONTMAGNY",
    "country": "FRA",
    "fullAddress": "5 RUE DE SPRIMONT, 95360 MONTMAGNY",
    "latitude": 48.9739,
    "longitude": 2.3456
  },
  {
    "id": "55",
    "name": "EYE VIEW",
    "address": "101 AVENUE DU GENERAL DE GAULLE",
    "postalCode": "74200",
    "city": "THONON-LES-BAINS",
    "country": "FRA",
    "fullAddress": "101 AVENUE DU GENERAL DE GAULLE, 74200 THONON-LES-BAINS",
    "latitude": 46.3706,
    "longitude": 6.4797
  },
  {
    "id": "56",
    "name": "FAUBOURG OPTICAL",
    "address": "88 RUE DU FAUBOURG ST MARTIN",
    "postalCode": "75010",
    "city": "PARIS",
    "country": "FRA",
    "fullAddress": "88 RUE DU FAUBOURG ST MARTIN, 75010 PARIS",
    "latitude": 48.8744,
    "longitude": 2.3583
  },
  {
    "id": "57",
    "name": "F&I OPTIQUE",
    "address": "22 RUE MABLY",
    "postalCode": "33000",
    "city": "BORDEAUX",
    "country": "FRA",
    "fullAddress": "22 RUE MABLY, 33000 BORDEAUX",
    "latitude": 44.8378,
    "longitude": -0.5792
  },
  {
    "id": "58",
    "name": "UNE AUTRE VISION",
    "address": "6/8 AV DU GENERAL DE GAULLE",
    "postalCode": "93410",
    "city": "VAUJOURS",
    "country": "FRA",
    "fullAddress": "6/8 AV DU GENERAL DE GAULLE, 93410 VAUJOURS",
    "latitude": 48.9297,
    "longitude": 2.5708
  },
  {
    "id": "59",
    "name": "FRANK'OPTIC",
    "address": "177 BD DE LA BOISSIERE",
    "postalCode": "93100",
    "city": "MONTREUIL",
    "country": "FRA",
    "fullAddress": "177 BD DE LA BOISSIERE, 93100 MONTREUIL",
    "latitude": 48.8631,
    "longitude": 2.4483
  },
  {
    "id": "60",
    "name": "FRANKOPTIC ET AUDITION",
    "address": "50 RUE VICTOR HUGO",
    "postalCode": "92300",
    "city": "LEVALLOIS-PERRET",
    "country": "FRA",
    "fullAddress": "50 RUE VICTOR HUGO, 92300 LEVALLOIS-PERRET",
    "latitude": 48.8942,
    "longitude": 2.2875
  },
  {
    "id": "61",
    "name": "FRENCH OPTICAL",
    "address": "C/COMMERCIAL LES 3 FONTAINES",
    "postalCode": "95000",
    "city": "CERGY",
    "country": "FRA",
    "fullAddress": "C/COMMERCIAL LES 3 FONTAINES, 95000 CERGY",
    "latitude": 49.0361,
    "longitude": 2.0631
  },
  {
    "id": "62",
    "name": "GOLD'EYES SAS",
    "address": "75 RUE SOMMEVILLE",
    "postalCode": "77380",
    "city": "COMBS-LA-VILLE",
    "country": "FRA",
    "fullAddress": "75 RUE SOMMEVILLE, 77380 COMBS-LA-VILLE",
    "latitude": 48.6669,
    "longitude": 2.5536
  },
  {
    "id": "63",
    "name": "GRAND LUXURY GROUP",
    "address": "IBRAHIM RUGOVA, PALLATI 7/1",
    "postalCode": "1001",
    "city": "TIRANA",
    "country": "ALB",
    "fullAddress": "IBRAHIM RUGOVA, PALLATI 7/1, 1001 TIRANA",
    "latitude": 41.3275,
    "longitude": 19.8187
  },
  {
    "id": "64",
    "name": "GREZ OPTIC",
    "address": "6 PLACE GALILEE",
    "postalCode": "21000",
    "city": "DIJON",
    "country": "FRA",
    "fullAddress": "6 PLACE GALILEE, 21000 DIJON",
    "latitude": 47.3220,
    "longitude": 5.0415
  },
  {
    "id": "65",
    "name": "GRIFFOPTICAL",
    "address": "80 GRAND RUE",
    "postalCode": "57280",
    "city": "MAIZIÈRES-LÈS-METZ",
    "country": "FRA",
    "fullAddress": "80 GRAND RUE, 57280 MAIZIÈRES-LÈS-METZ",
    "latitude": 49.2111,
    "longitude": 6.1628
  },
  {
    "id": "66",
    "name": "H&B OPTICIEN LUNETIER",
    "address": "3 RUE YAN AUDOUARD",
    "postalCode": "13200",
    "city": "ARLES",
    "country": "FRA",
    "fullAddress": "3 RUE YAN AUDOUARD, 13200 ARLES",
    "latitude": 43.6767,
    "longitude": 4.6278
  },
  {
    "id": "67",
    "name": "HAPPY OPTIC",
    "address": "9 RUE COLBERT",
    "postalCode": "13001",
    "city": "MARSEILLE",
    "country": "FRA",
    "fullAddress": "9 RUE COLBERT, 13001 MARSEILLE",
    "latitude": 43.2965,
    "longitude": 5.3698
  },
  {
    "id": "68",
    "name": "OPTIQUE HEXAGONE",
    "address": "4 RUE DU DR JEAN MARC BECKER",
    "postalCode": "25200",
    "city": "MONTBÉLIARD",
    "country": "FRA",
    "fullAddress": "4 RUE DU DR JEAN MARC BECKER, 25200 MONTBÉLIARD",
    "latitude": 47.5103,
    "longitude": 6.7981
  },
  {
    "id": "69",
    "name": "HISTOIRE D'OPTIC",
    "address": "32 RUE DE LA CHAPELLE",
    "postalCode": "75018",
    "city": "PARIS",
    "country": "FRA",
    "fullAddress": "32 RUE DE LA CHAPELLE, 75018 PARIS",
    "latitude": 48.8917,
    "longitude": 2.3592
  },
  {
    "id": "70",
    "name": "HORS PAIR",
    "address": "6 AVENUE CARNOT",
    "postalCode": "75017",
    "city": "PARIS",
    "country": "FRA",
    "fullAddress": "6 AVENUE CARNOT, 75017 PARIS",
    "latitude": 48.8756,
    "longitude": 2.2861
  },
  {
    "id": "71",
    "name": "HORS PAIRES",
    "address": "13 RUE LANGLOIS",
    "postalCode": "91490",
    "city": "MILLY-LA-FORÊT",
    "country": "FRA",
    "fullAddress": "13 RUE LANGLOIS, 91490 MILLY-LA-FORÊT",
    "latitude": 48.4044,
    "longitude": 2.4683
  },
  {
    "id": "72",
    "name": "HOUSE OF SHADES",
    "address": "MANCHESTER TOWER 10 FLOOR",
    "postalCode": "1003",
    "city": "DUBAI MARINA",
    "country": "UAE",
    "fullAddress": "MANCHESTER TOWER 10 FLOOR, DUBAI MARINA",
    "latitude": 25.0765,
    "longitude": 55.1406
  },
  {
    "id": "73",
    "name": "HYPE OPTIQUE",
    "address": "45 BOULEVARD RICHARD LENOIR",
    "postalCode": "75011",
    "city": "PARIS",
    "country": "FRA",
    "fullAddress": "45 BOULEVARD RICHARD LENOIR, 75011 PARIS",
    "latitude": 48.8589,
    "longitude": 2.3722
  },
  {
    "id": "74",
    "name": "IB OPTIQUE ATELIER OPTIC",
    "address": "17 AVENUE VLADIMIR ILITCH LENINE",
    "postalCode": "92000",
    "city": "NANTERRE",
    "country": "FRA",
    "fullAddress": "17 AVENUE VLADIMIR ILITCH LENINE, 92000 NANTERRE",
    "latitude": 48.8922,
    "longitude": 2.2069
  },
  {
    "id": "75",
    "name": "IM OPTICAL",
    "address": "130 AVENUE DE LA VISTE",
    "postalCode": "13015",
    "city": "MARSEILLE",
    "country": "FRA",
    "fullAddress": "130 AVENUE DE LA VISTE, 13015 MARSEILLE",
    "latitude": 43.3397,
    "longitude": 5.3564
  },
  {
    "id": "76",
    "name": "IN OPTIC",
    "address": "60 RUE DE LA REPUBLIQUE",
    "postalCode": "13002",
    "city": "MARSEILLE",
    "country": "FRA",
    "fullAddress": "60 RUE DE LA REPUBLIQUE, 13002 MARSEILLE",
    "latitude": 43.2997,
    "longitude": 5.3711
  },
  {
    "id": "77",
    "name": "INTEROPTICAL RUDDY OPTIC",
    "address": "C CIAL INTERMARCHE",
    "postalCode": "91130",
    "city": "RIS-ORANGIS",
    "country": "FRA",
    "fullAddress": "C CIAL INTERMARCHE, 91130 RIS-ORANGIS",
    "latitude": 48.6544,
    "longitude": 2.4156
  },
  {
    "id": "78",
    "name": "J&J OPTICAL",
    "address": "1700 AV DWIGHT EINSENHOWER",
    "postalCode": "84200",
    "city": "CARPENTRAS",
    "country": "FRA",
    "fullAddress": "1700 AV DWIGHT EINSENHOWER, 84200 CARPENTRAS",
    "latitude": 44.0550,
    "longitude": 5.0486
  },
  {
    "id": "79",
    "name": "JJ DISTRIBUTION",
    "address": "48 RUE JEAN FIOLLE",
    "postalCode": "13006",
    "city": "MARSEILLE",
    "country": "FRA",
    "fullAddress": "48 RUE JEAN FIOLLE, 13006 MARSEILLE",
    "latitude": 43.2872,
    "longitude": 5.3856
  },
  {
    "id": "80",
    "name": "J&J OPTICAL",
    "address": "18 AVENUE ALBERT MANO",
    "postalCode": "13480",
    "city": "CABRIÈS",
    "country": "FRA",
    "fullAddress": "18 AVENUE ALBERT MANO, 13480 CABRIÈS",
    "latitude": 43.4411,
    "longitude": 5.3806
  },
  {
    "id": "81",
    "name": "CHATEAU D'OPTIQUE",
    "address": "37 RUE DU CHATEAU D EAU",
    "postalCode": "75010",
    "city": "PARIS",
    "country": "FRA",
    "fullAddress": "37 RUE DU CHATEAU D EAU, 75010 PARIS",
    "latitude": 48.8722,
    "longitude": 2.3558
  },
  {
    "id": "82",
    "name": "JBAZ OPTIQUE",
    "address": "2 AVENUE TRUDAINE",
    "postalCode": "75009",
    "city": "PARIS",
    "country": "FRA",
    "fullAddress": "2 AVENUE TRUDAINE, 75009 PARIS",
    "latitude": 48.8819,
    "longitude": 2.3428
  },
  {
    "id": "83",
    "name": "J&J OPTICAL LA ROSE",
    "address": "11 AVENUE FRANCOIS MIGNET",
    "postalCode": "13013",
    "city": "MARSEILLE",
    "country": "FRA",
    "fullAddress": "11 AVENUE FRANCOIS MIGNET, 13013 MARSEILLE",
    "latitude": 43.3189,
    "longitude": 5.4297
  },
  {
    "id": "84",
    "name": "J&J OPTICAL",
    "address": "26 RUE SAINT FERREOL",
    "postalCode": "13001",
    "city": "MARSEILLE",
    "country": "FRA",
    "fullAddress": "26 RUE SAINT FERREOL, 13001 MARSEILLE",
    "latitude": 43.2951,
    "longitude": 5.3763
  },
  {
    "id": "85",
    "name": "JOSEPH OPTICIENS",
    "address": "48 BOULEVARD RABATAU",
    "postalCode": "13008",
    "city": "MARSEILLE",
    "country": "FRA",
    "fullAddress": "48 BOULEVARD RABATAU, 13008 MARSEILLE",
    "latitude": 43.2778,
    "longitude": 5.3917
  },
  {
    "id": "86",
    "name": "JP OPTICS",
    "address": "A METAXA 15 & DOUSMAN",
    "postalCode": "16675",
    "city": "GLYFADA ATHENS",
    "country": "GRE",
    "fullAddress": "A METAXA 15, 16675 GLYFADA ATHENS",
    "latitude": 37.8678,
    "longitude": 23.7533
  },
  {
    "id": "87",
    "name": "JMV OPTIC SAS",
    "address": "57 RUE PIERRE CHARRON",
    "postalCode": "75008",
    "city": "PARIS",
    "country": "FRA",
    "fullAddress": "57 RUE PIERRE CHARRON, 75008 PARIS",
    "latitude": 48.8697,
    "longitude": 2.3031
  },
  {
    "id": "88",
    "name": "JUVINA OPTIC",
    "address": "43 RUE BOISSY D'ANGLAS",
    "postalCode": "75008",
    "city": "PARIS",
    "country": "FRA",
    "fullAddress": "43 RUE BOISSY D'ANGLAS, 75008 PARIS",
    "latitude": 48.8686,
    "longitude": 2.3206
  },
  {
    "id": "89",
    "name": "KANN'OPTIK",
    "address": "ZAC DOTHEMARE NORD",
    "postalCode": "97139",
    "city": "LES ABYMES",
    "country": "GUA",
    "fullAddress": "ZAC DOTHEMARE NORD, 97139 LES ABYMES",
    "latitude": 16.2700,
    "longitude": -61.5058
  },
  {
    "id": "90",
    "name": "KRYS PLACE D'ARMES",
    "address": "10 C/COMMERCIAL PLACE D'ARMES",
    "postalCode": "97232",
    "city": "LE LAMENTIN",
    "country": "MTQ",
    "fullAddress": "10 C/COMMERCIAL PLACE D'ARMES, 97232 LE LAMENTIN",
    "latitude": 14.6108,
    "longitude": -61.0050
  },
  {
    "id": "91",
    "name": "LA FABRIQUE A LUNETTES",
    "address": "3 RUE DES ROIS",
    "postalCode": "1204",
    "city": "GENÈVE",
    "country": "CHE",
    "fullAddress": "3 RUE DES ROIS, 1204 GENÈVE",
    "latitude": 46.2044,
    "longitude": 6.1432
  },
  {
    "id": "92",
    "name": "LA LUNETTE NOIRE",
    "address": "45 RUE DE MENILMONTANT",
    "postalCode": "75020",
    "city": "PARIS",
    "country": "FRA",
    "fullAddress": "45 RUE DE MENILMONTANT, 75020 PARIS",
    "latitude": 48.8658,
    "longitude": 2.3842
  },
  {
    "id": "93",
    "name": "LA LUNETTERIE BISONTINE",
    "address": "22 PLACE DE LA REVOLUTION",
    "postalCode": "25000",
    "city": "BESANÇON",
    "country": "FRA",
    "fullAddress": "22 PLACE DE LA REVOLUTION, 25000 BESANÇON",
    "latitude": 47.2378,
    "longitude": 6.0241
  },
  {
    "id": "94",
    "name": "LA PALETTE DES OPTICIENS",
    "address": "203 AV PAUL JULIEN",
    "postalCode": "13100",
    "city": "LE THOLONET",
    "country": "FRA",
    "fullAddress": "203 AV PAUL JULIEN, 13100 LE THOLONET",
    "latitude": 43.5197,
    "longitude": 5.5036
  },
  {
    "id": "95",
    "name": "L'ATELIER DE LA LUNETTE",
    "address": "19 RUE JEAN WEBER",
    "postalCode": "31100",
    "city": "TOULOUSE",
    "country": "FRA",
    "fullAddress": "19 RUE JEAN WEBER, 31100 TOULOUSE",
    "latitude": 43.5972,
    "longitude": 1.4308
  },
  {
    "id": "96",
    "name": "L'ATELIER DU REGARD",
    "address": "16 RUE RASTEGUE",
    "postalCode": "13400",
    "city": "AUBAGNE",
    "country": "FRA",
    "fullAddress": "16 RUE RASTEGUE, 13400 AUBAGNE",
    "latitude": 43.2928,
    "longitude": 5.5678
  },
  {
    "id": "97",
    "name": "UNIVERS OPTIQUE",
    "address": "54 OP ZAEMER",
    "postalCode": "4959",
    "city": "BASCHARAGE",
    "country": "LUX",
    "fullAddress": "54 OP ZAEMER, 4959 BASCHARAGE",
    "latitude": 49.5667,
    "longitude": 5.9167
  },
  {
    "id": "98",
    "name": "LA VUE PLUS BELLE",
    "address": "49 RUE DU VINGT-DEUX NOVEMBRE",
    "postalCode": "67000",
    "city": "STRASBOURG",
    "country": "FRA",
    "fullAddress": "49 RUE DU VINGT-DEUX NOVEMBRE, 67000 STRASBOURG",
    "latitude": 48.5817,
    "longitude": 7.7494
  },
  {
    "id": "99",
    "name": "LBM OPTIC",
    "address": "9 AVENUE PIERRE ET MARIE CURIE",
    "postalCode": "93150",
    "city": "LE BLANC-MESNIL",
    "country": "FRA",
    "fullAddress": "9 AVENUE PIERRE ET MARIE CURIE, 93150 LE BLANC-MESNIL",
    "latitude": 48.9392,
    "longitude": 2.4622
  },
  {
    "id": "100",
    "name": "LE LUNETIER",
    "address": "208 RUE NATIONALE",
    "postalCode": "57600",
    "city": "FORBACH",
    "country": "FRA",
    "fullAddress": "208 RUE NATIONALE, 57600 FORBACH",
    "latitude": 49.1856,
    "longitude": 6.9003
  },
  {
    "id": "101",
    "name": "L'OEIL DE LEO",
    "address": "30 RUE ANATOL FRANCE",
    "postalCode": "42300",
    "city": "ROANNE",
    "country": "FRA",
    "fullAddress": "30 RUE ANATOL FRANCE, 42300 ROANNE",
    "latitude": 46.0367,
    "longitude": 4.0686
  },
  {
    "id": "102",
    "name": "LES LUNETTES D'AUDREY",
    "address": "25 PLACE DE L'EGLISE",
    "postalCode": "22120",
    "city": "QUESSOY",
    "country": "FRA",
    "fullAddress": "25 PLACE DE L'EGLISE, 22120 QUESSOY",
    "latitude": 48.4217,
    "longitude": -2.6500
  },
  {
    "id": "103",
    "name": "LES OPTICIENS DE BOBIGNY",
    "address": "230 AVENUE JEAN JAURES",
    "postalCode": "93000",
    "city": "BOBIGNY",
    "country": "FRA",
    "fullAddress": "230 AVENUE JEAN JAURES, 93000 BOBIGNY",
    "latitude": 48.9097,
    "longitude": 2.4394
  },
  {
    "id": "104",
    "name": "LISSAC",
    "address": "76 BOULEVARD DE STRASBOURG",
    "postalCode": "83000",
    "city": "TOULON",
    "country": "FRA",
    "fullAddress": "76 BOULEVARD DE STRASBOURG, 83000 TOULON",
    "latitude": 43.1242,
    "longitude": 5.9280
  },
  {
    "id": "105",
    "name": "LISSAC OPTICIEN",
    "address": "6 AVENUE CATHERINE SAUVAGE",
    "postalCode": "54270",
    "city": "ESSEY-LÈS-NANCY",
    "country": "FRA",
    "fullAddress": "6 AVENUE CATHERINE SAUVAGE, 54270 ESSEY-LÈS-NANCY",
    "latitude": 48.7069,
    "longitude": 6.2206
  },
  {
    "id": "106",
    "name": "LISSAC",
    "address": "225A AVENUE SAINT EXUPERY",
    "postalCode": "06210",
    "city": "MANDELIEU-LA-NAPOULE",
    "country": "FRA",
    "fullAddress": "225A AVENUE SAINT EXUPERY, 06210 MANDELIEU-LA-NAPOULE",
    "latitude": 43.5464,
    "longitude": 6.9392
  },
  {
    "id": "107",
    "name": "L'OPTICIEN LISSAC",
    "address": "8 RUE DE LA CHAPELLE",
    "postalCode": "57200",
    "city": "SARREGUEMINES",
    "country": "FRA",
    "fullAddress": "8 RUE DE LA CHAPELLE, 57200 SARREGUEMINES",
    "latitude": 49.1094,
    "longitude": 7.0686
  },
  {
    "id": "108",
    "name": "LISSAC DE LA MAISON CARREE",
    "address": "10 PL DE LA MAISON CARREE",
    "postalCode": "30000",
    "city": "NÎMES",
    "country": "FRA",
    "fullAddress": "10 PL DE LA MAISON CARREE, 30000 NÎMES",
    "latitude": 43.8383,
    "longitude": 4.3561
  },
  {
    "id": "109",
    "name": "LM OPTIC DESIGN",
    "address": "114 AVENUE JEAN JAURES",
    "postalCode": "75019",
    "city": "PARIS",
    "country": "FRA",
    "fullAddress": "114 AVENUE JEAN JAURES, 75019 PARIS",
    "latitude": 48.8808,
    "longitude": 2.3917
  },
  {
    "id": "110",
    "name": "LA MAISON DU LUNETIER",
    "address": "24 RUE DE LA GOUTTE D OR",
    "postalCode": "75018",
    "city": "PARIS",
    "country": "FRA",
    "fullAddress": "24 RUE DE LA GOUTTE D OR, 75018 PARIS",
    "latitude": 48.8856,
    "longitude": 2.3508
  },
  {
    "id": "111",
    "name": "LA MAISON DU LUNETIER",
    "address": "30 AVENUE DUMONT",
    "postalCode": "93600",
    "city": "AULNAY-SOUS-BOIS",
    "country": "FRA",
    "fullAddress": "30 AVENUE DUMONT, 93600 AULNAY-SOUS-BOIS",
    "latitude": 48.9386,
    "longitude": 2.4942
  },
  {
    "id": "112",
    "name": "LA MAISON DU LUNETIER",
    "address": "30 BOULEVARD DE CHARONNE",
    "postalCode": "75020",
    "city": "PARIS",
    "country": "FRA",
    "fullAddress": "30 BOULEVARD DE CHARONNE, 75020 PARIS",
    "latitude": 48.8556,
    "longitude": 2.3939
  },
  {
    "id": "113",
    "name": "L'OPTICIEN CONCEPT",
    "address": "16 RUE SIMONE VEIL",
    "postalCode": "95870",
    "city": "BEZONS",
    "country": "FRA",
    "fullAddress": "16 RUE SIMONE VEIL, 95870 BEZONS",
    "latitude": 48.9244,
    "longitude": 2.2117
  },
  {
    "id": "114",
    "name": "LUMIN'EYES",
    "address": "177 RUE PAUL VAILLANT COUTURIER",
    "postalCode": "94140",
    "city": "ALFORTVILLE",
    "country": "FRA",
    "fullAddress": "177 RUE PAUL VAILLANT COUTURIER, 94140 ALFORTVILLE",
    "latitude": 48.8003,
    "longitude": 2.4211
  },
  {
    "id": "115",
    "name": "LUNE OPTIQUE",
    "address": "110 AVENUE PAUL VAILLANT COUTURIER",
    "postalCode": "94400",
    "city": "VITRY-SUR-SEINE",
    "country": "FRA",
    "fullAddress": "110 AVENUE PAUL VAILLANT COUTURIER, 94400 VITRY-SUR-SEINE",
    "latitude": 48.7875,
    "longitude": 2.3928
  },
  {
    "id": "116",
    "name": "LES LUNETTES DE SAMI GHANE",
    "address": "242 RUE DE CRIMEE",
    "postalCode": "75019",
    "city": "PARIS",
    "country": "FRA",
    "fullAddress": "242 RUE DE CRIMEE, 75019 PARIS",
    "latitude": 48.8914,
    "longitude": 2.3797
  },
  {
    "id": "117",
    "name": "LA LUNETTE MODERNE",
    "address": "45 BOULEVARD RICHARD LENOIR",
    "postalCode": "75011",
    "city": "PARIS",
    "country": "FRA",
    "fullAddress": "45 BOULEVARD RICHARD LENOIR, 75011 PARIS",
    "latitude": 48.8589,
    "longitude": 2.3722
  },
  {
    "id": "118",
    "name": "LUNETTERIE D'EXCEPTION",
    "address": "82 AVENUE DANIELLE CASANOVA",
    "postalCode": "94200",
    "city": "IVRY-SUR-SEINE",
    "country": "FRA",
    "fullAddress": "82 AVENUE DANIELLE CASANOVA, 94200 IVRY-SUR-SEINE",
    "latitude": 48.8139,
    "longitude": 2.3828
  },
  {
    "id": "119",
    "name": "LUN OPTIC",
    "address": "ZAC PLATEAU DE HAYE",
    "postalCode": "54100",
    "city": "NANCY",
    "country": "FRA",
    "fullAddress": "ZAC PLATEAU DE HAYE, 54100 NANCY",
    "latitude": 48.6921,
    "longitude": 6.1844
  },
  {
    "id": "120",
    "name": "LUX4SEE / PERSEPOLIS",
    "address": "ZAE DE CALBASSIER",
    "postalCode": "97100",
    "city": "BASSE-TERRE",
    "country": "GUA",
    "fullAddress": "ZAE DE CALBASSIER, 97100 BASSE-TERRE",
    "latitude": 15.9958,
    "longitude": -61.7292
  },
  {
    "id": "121",
    "name": "LUX SRL",
    "address": "VIA RICCIARDI 3",
    "postalCode": "81100",
    "city": "CASERTA",
    "country": "ITA",
    "fullAddress": "VIA RICCIARDI 3, 81100 CASERTA",
    "latitude": 41.0742,
    "longitude": 14.3331
  },
  {
    "id": "122",
    "name": "LYNX OPTIQUE",
    "address": "CENTRE C. LA GALLERIA",
    "postalCode": "97232",
    "city": "LE LAMENTIN",
    "country": "MTQ",
    "fullAddress": "CENTRE C. LA GALLERIA, 97232 LE LAMENTIN",
    "latitude": 14.6108,
    "longitude": -61.0050
  },
  {
    "id": "123",
    "name": "MAISON DE L'AUDIO-OPTIQUE",
    "address": "107 BOULEVARD CHARLES DE GAULLE",
    "postalCode": "92700",
    "city": "COLOMBES",
    "country": "FRA",
    "fullAddress": "107 BOULEVARD CHARLES DE GAULLE, 92700 COLOMBES",
    "latitude": 48.9233,
    "longitude": 2.2525
  },
  {
    "id": "124",
    "name": "MAISON LUNETTERIE",
    "address": "4 RUE THIERS",
    "postalCode": "78200",
    "city": "MANTES-LA-JOLIE",
    "country": "FRA",
    "fullAddress": "4 RUE THIERS, 78200 MANTES-LA-JOLIE",
    "latitude": 48.9908,
    "longitude": 1.7169
  },
  {
    "id": "125",
    "name": "MAISON OZKAN",
    "address": "61 RUE JEAN LIGONNET",
    "postalCode": "69700",
    "city": "GIVORS",
    "country": "FRA",
    "fullAddress": "61 RUE JEAN LIGONNET, 69700 GIVORS",
    "latitude": 45.5900,
    "longitude": 4.7728
  },
  {
    "id": "126",
    "name": "MAISON RIBIER",
    "address": "50 AVENUE ALFRED BORRIGLIONE",
    "postalCode": "06100",
    "city": "NICE",
    "country": "FRA",
    "fullAddress": "50 AVENUE ALFRED BORRIGLIONE, 06100 NICE",
    "latitude": 43.7102,
    "longitude": 7.2620
  },
  {
    "id": "127",
    "name": "LES OPTICIENS KRYS",
    "address": "16 RUE HIRSCHAUER",
    "postalCode": "57500",
    "city": "SAINT-AVOLD",
    "country": "FRA",
    "fullAddress": "16 RUE HIRSCHAUER, 57500 SAINT-AVOLD",
    "latitude": 49.1047,
    "longitude": 6.7069
  },
  {
    "id": "128",
    "name": "HOUSE OPTIC",
    "address": "88 AVENUE HENRI BARBUSSE",
    "postalCode": "93700",
    "city": "DRANCY",
    "country": "FRA",
    "fullAddress": "88 AVENUE HENRI BARBUSSE, 93700 DRANCY",
    "latitude": 48.9269,
    "longitude": 2.4503
  },
  {
    "id": "129",
    "name": "MA VISION",
    "address": "CC CARREFOUR 1755 AV PIERRE MENDES",
    "postalCode": "30000",
    "city": "NÎMES",
    "country": "FRA",
    "fullAddress": "CC CARREFOUR 1755 AV PIERRE MENDES, 30000 NÎMES",
    "latitude": 43.8383,
    "longitude": 4.3561
  },
  {
    "id": "130",
    "name": "M.C COMPANY",
    "address": "22 RUE HENRY DUHAMEL",
    "postalCode": "38100",
    "city": "GRENOBLE",
    "country": "FRA",
    "fullAddress": "22 RUE HENRY DUHAMEL, 38100 GRENOBLE",
    "latitude": 45.1885,
    "longitude": 5.7245
  },
  {
    "id": "131",
    "name": "MICKYAEL OPTIK",
    "address": "35 RUE DU GENERAL DE GAULLE",
    "postalCode": "95880",
    "city": "ENGHIEN-LES-BAINS",
    "country": "FRA",
    "fullAddress": "35 RUE DU GENERAL DE GAULLE, 95880 ENGHIEN-LES-BAINS",
    "latitude": 48.9692,
    "longitude": 2.3078
  },
  {
    "id": "132",
    "name": "MIDON VISION GMBH",
    "address": "HUMBOLDSTRASSE 15",
    "postalCode": "14193",
    "city": "BERLIN",
    "country": "DEU",
    "fullAddress": "HUMBOLDSTRASSE 15, 14193 BERLIN",
    "latitude": 52.4833,
    "longitude": 13.2833
  },
  {
    "id": "133",
    "name": "MISTER LUNETTES DIDEROT",
    "address": "114 BOULEVARD DIDEROT",
    "postalCode": "75012",
    "city": "PARIS",
    "country": "FRA",
    "fullAddress": "114 BOULEVARD DIDEROT, 75012 PARIS",
    "latitude": 48.8456,
    "longitude": 2.3883
  },
  {
    "id": "134",
    "name": "OPTICAL DISTRICT",
    "address": "13 PLACE DU CAQUET",
    "postalCode": "93200",
    "city": "SAINT-DENIS",
    "country": "FRA",
    "fullAddress": "13 PLACE DU CAQUET, 93200 SAINT-DENIS",
    "latitude": 48.9356,
    "longitude": 2.3575
  },
  {
    "id": "135",
    "name": "MON OPTICIEN",
    "address": "47 BOULEVARD PAUL MONTEL",
    "postalCode": "06200",
    "city": "NICE",
    "country": "FRA",
    "fullAddress": "47 BOULEVARD PAUL MONTEL, 06200 NICE",
    "latitude": 43.7102,
    "longitude": 7.2620
  },
  {
    "id": "136",
    "name": "MONTAIGNE OPTIQUE",
    "address": "54 RUE FRANCOIS 1ER",
    "postalCode": "75008",
    "city": "PARIS",
    "country": "FRA",
    "fullAddress": "54 RUE FRANCOIS 1ER, 75008 PARIS",
    "latitude": 48.8697,
    "longitude": 2.3031
  },
  {
    "id": "137",
    "name": "MORPHOPTIQUES",
    "address": "57 AVENUE CHRISTOPHE COLOMB",
    "postalCode": "97320",
    "city": "SAINT-LAURENT-DU-MARONI",
    "country": "GUF",
    "fullAddress": "57 AVENUE CHRISTOPHE COLOMB, 97320 SAINT-LAURENT-DU-MARONI",
    "latitude": 5.5000,
    "longitude": -54.0333
  },
  {
    "id": "138",
    "name": "VIVALDI OPTIQUE",
    "address": "32 ALLEE VIVALDI",
    "postalCode": "75012",
    "city": "PARIS",
    "country": "FRA",
    "fullAddress": "32 ALLEE VIVALDI, 75012 PARIS",
    "latitude": 48.8361,
    "longitude": 2.4167
  },
  {
    "id": "139",
    "name": "MONSIEUR OPTIQUE SASU",
    "address": "79 AVENUE DE THIONVILLE",
    "postalCode": "57050",
    "city": "METZ",
    "country": "FRA",
    "fullAddress": "79 AVENUE DE THIONVILLE, 57050 METZ",
    "latitude": 49.1193,
    "longitude": 6.1757
  },
  {
    "id": "140",
    "name": "CRYSTAL VISUAL",
    "address": "9 RUE ALBERT 1ER",
    "postalCode": "94600",
    "city": "CHOISY-LE-ROI",
    "country": "FRA",
    "fullAddress": "9 RUE ALBERT 1ER, 94600 CHOISY-LE-ROI",
    "latitude": 48.7647,
    "longitude": 2.4103
  },
  {
    "id": "141",
    "name": "NEW OPTIC",
    "address": "6 RUE DE LA STATION",
    "postalCode": "95130",
    "city": "FRANCONVILLE",
    "country": "FRA",
    "fullAddress": "6 RUE DE LA STATION, 95130 FRANCONVILLE",
    "latitude": 48.9878,
    "longitude": 2.2297
  },
  {
    "id": "142",
    "name": "NOOR OPTIQUE",
    "address": "50 AVENUE DE COLMAR",
    "postalCode": "68100",
    "city": "MULHOUSE",
    "country": "FRA",
    "fullAddress": "50 AVENUE DE COLMAR, 68100 MULHOUSE",
    "latitude": 47.7508,
    "longitude": 7.3359
  },
  {
    "id": "143",
    "name": "OZ OPTIQUE",
    "address": "102 BIS RUE DU GENERAL LECLERC",
    "postalCode": "95410",
    "city": "GROSLAY",
    "country": "FRA",
    "fullAddress": "102 BIS RUE DU GENERAL LECLERC, 95410 GROSLAY",
    "latitude": 48.9867,
    "longitude": 2.3478
  },
  {
    "id": "144",
    "name": "ON VIEW",
    "address": "AVENUE EDMOND CANDRIES 39",
    "postalCode": "1080",
    "city": "BRUXELLES",
    "country": "BEL",
    "fullAddress": "AVENUE EDMOND CANDRIES 39, 1080 BRUXELLES",
    "latitude": 50.8503,
    "longitude": 4.3517
  },
  {
    "id": "145",
    "name": "OOPTICIEN",
    "address": "20 RUE PORTE AUX SAINTS",
    "postalCode": "78200",
    "city": "MANTES-LA-JOLIE",
    "country": "FRA",
    "fullAddress": "20 RUE PORTE AUX SAINTS, 78200 MANTES-LA-JOLIE",
    "latitude": 48.9908,
    "longitude": 1.7169
  },
  {
    "id": "146",
    "name": "OPTIC 2000",
    "address": "1 RUE DU DR MICHEL",
    "postalCode": "52000",
    "city": "CHAUMONT",
    "country": "FRA",
    "fullAddress": "1 RUE DU DR MICHEL, 52000 CHAUMONT",
    "latitude": 48.1117,
    "longitude": 5.1389
  },
  {
    "id": "147",
    "name": "OPTIC ALAIN",
    "address": "92 AV DU GENERAL DE GAULLE",
    "postalCode": "94000",
    "city": "CRÉTEIL",
    "country": "FRA",
    "fullAddress": "92 AV DU GENERAL DE GAULLE, 94000 CRÉTEIL",
    "latitude": 48.7900,
    "longitude": 2.4628
  },
  {
    "id": "148",
    "name": "OPTIC CADET",
    "address": "26 RUE CADET",
    "postalCode": "75009",
    "city": "PARIS",
    "country": "FRA",
    "fullAddress": "26 RUE CADET, 75009 PARIS",
    "latitude": 48.8756,
    "longitude": 2.3439
  },
  {
    "id": "149",
    "name": "OPTIQUE DE L'HORLOGE",
    "address": "71 AVENUE DES GRESILLONS",
    "postalCode": "92230",
    "city": "GENNEVILLIERS",
    "country": "FRA",
    "fullAddress": "71 AVENUE DES GRESILLONS, 92230 GENNEVILLIERS",
    "latitude": 48.9322,
    "longitude": 2.3014
  },
  {
    "id": "150",
    "name": "OPTIQUE DE L'HORLOGE",
    "address": "18 RUE DE L'ABONDANCE",
    "postalCode": "95800",
    "city": "CERGY-SAINT-CHRISTOPHE",
    "country": "FRA",
    "fullAddress": "18 RUE DE L'ABONDANCE, 95800 CERGY-SAINT-CHRISTOPHE",
    "latitude": 49.0361,
    "longitude": 2.0631
  },
  {
    "id": "151",
    "name": "OPTIQUE LAFAYETTE",
    "address": "7 B AVENUE DE COLMAR",
    "postalCode": "68200",
    "city": "MULHOUSE",
    "country": "FRA",
    "fullAddress": "7 B AVENUE DE COLMAR, 68200 MULHOUSE",
    "latitude": 47.7508,
    "longitude": 7.3359
  },
  {
    "id": "152",
    "name": "LES OPTICIENS LYONNAIS",
    "address": "157 ROUTE DE VIENNE",
    "postalCode": "69008",
    "city": "LYON",
    "country": "FRA",
    "fullAddress": "157 ROUTE DE VIENNE, 69008 LYON",
    "latitude": 45.7378,
    "longitude": 4.8553
  },
  {
    "id": "153",
    "name": "OPTIQUE MEDAR",
    "address": "1 PLACE DU CAPITOLE",
    "postalCode": "31000",
    "city": "TOULOUSE",
    "country": "FRA",
    "fullAddress": "1 PLACE DU CAPITOLE, 31000 TOULOUSE",
    "latitude": 43.6047,
    "longitude": 1.4442
  },
  {
    "id": "154",
    "name": "OPTIQUE SEBASTOPOL",
    "address": "16 AVENUE SEBASTOPOL",
    "postalCode": "57070",
    "city": "METZ",
    "country": "FRA",
    "fullAddress": "16 AVENUE SEBASTOPOL, 57070 METZ",
    "latitude": 49.1193,
    "longitude": 6.1757
  },
  {
    "id": "155",
    "name": "OPTIC 2000",
    "address": "CC BEAU SEVRAN",
    "postalCode": "93270",
    "city": "SEVRAN",
    "country": "FRA",
    "fullAddress": "CC BEAU SEVRAN, 93270 SEVRAN",
    "latitude": 48.9386,
    "longitude": 2.5317
  },
  {
    "id": "156",
    "name": "OPTIQUE BEAUVAL",
    "address": "CENTRE COMMERCIAL LA",
    "postalCode": "77100",
    "city": "MEAUX",
    "country": "FRA",
    "fullAddress": "CENTRE COMMERCIAL LA, 77100 MEAUX",
    "latitude": 48.9600,
    "longitude": 2.8783
  },
  {
    "id": "157",
    "name": "OPTICAL DISTRIKT",
    "address": "4 BOULEVARD GALLIENI CC QWA",
    "postalCode": "92390",
    "city": "VILLENEUVE-LA-GARENNE",
    "country": "FRA",
    "fullAddress": "4 BOULEVARD GALLIENI CC QWA, 92390 VILLENEUVE-LA-GARENNE",
    "latitude": 48.9350,
    "longitude": 2.3250
  },
  {
    "id": "158",
    "name": "BLF OPTIQUE ET AUDITION",
    "address": "102 RUE DE BAGNOLET",
    "postalCode": "75020",
    "city": "PARIS",
    "country": "FRA",
    "fullAddress": "102 RUE DE BAGNOLET, 75020 PARIS",
    "latitude": 48.8589,
    "longitude": 2.4028
  },
  {
    "id": "159",
    "name": "OPTIQUE +",
    "address": "20 AVENUE VICTOR HUGO",
    "postalCode": "93320",
    "city": "PAVILLONS-SOUS-BOIS",
    "country": "FRA",
    "fullAddress": "20 AVENUE VICTOR HUGO, 93320 PAVILLONS-SOUS-BOIS",
    "latitude": 48.9078,
    "longitude": 2.5031
  },
  {
    "id": "160",
    "name": "OPTIC 2000",
    "address": "AVENUE DE LA GARE 17",
    "postalCode": "1180",
    "city": "ROLLE",
    "country": "CHE",
    "fullAddress": "AVENUE DE LA GARE 17, 1180 ROLLE",
    "latitude": 46.4583,
    "longitude": 6.3369
  },
  {
    "id": "161",
    "name": "OPTICADOM",
    "address": "143 RUE ERNEST ALBERT",
    "postalCode": "54520",
    "city": "LAXOU",
    "country": "FRA",
    "fullAddress": "143 RUE ERNEST ALBERT, 54520 LAXOU",
    "latitude": 48.6833,
    "longitude": 6.1500
  },
  {
    "id": "162",
    "name": "OPTICAL BRIAND",
    "address": "102 AVENUE ARISTIDE BRIAND",
    "postalCode": "92120",
    "city": "MONTROUGE",
    "country": "FRA",
    "fullAddress": "102 AVENUE ARISTIDE BRIAND, 92120 MONTROUGE",
    "latitude": 48.8175,
    "longitude": 2.3194
  },
  {
    "id": "163",
    "name": "OPTICAL DISTRIKT",
    "address": "50 AVENUE DU MARECHAL FOCH CC COT",
    "postalCode": "95100",
    "city": "ARGENTEUIL",
    "country": "FRA",
    "fullAddress": "50 AVENUE DU MARECHAL FOCH CC COT, 95100 ARGENTEUIL",
    "latitude": 48.9472,
    "longitude": 2.2467
  },
  {
    "id": "164",
    "name": "OPTICAL STUDIO",
    "address": "142 RUE DE RIVOLI",
    "postalCode": "75001",
    "city": "PARIS",
    "country": "FRA",
    "fullAddress": "142 RUE DE RIVOLI, 75001 PARIS",
    "latitude": 48.8600,
    "longitude": 2.3400
  },
  {
    "id": "165",
    "name": "OPTIC A L'OEIL",
    "address": "51 RUE FREBAULT",
    "postalCode": "97110",
    "city": "POINTE-À-PITRE",
    "country": "GUA",
    "fullAddress": "51 RUE FREBAULT, 97110 POINTE-À-PITRE",
    "latitude": 16.2411,
    "longitude": -61.5339
  },
  {
    "id": "166",
    "name": "OPTICA STORE",
    "address": "3 RUE LANGEVIN",
    "postalCode": "67200",
    "city": "STRASBOURG",
    "country": "FRA",
    "fullAddress": "3 RUE LANGEVIN, 67200 STRASBOURG",
    "latitude": 48.5734,
    "longitude": 7.7521
  },
  {
    "id": "167",
    "name": "OPTIC CONCEPT",
    "address": "56 RUE DES LAITIERES",
    "postalCode": "94300",
    "city": "VINCENNES",
    "country": "FRA",
    "fullAddress": "56 RUE DES LAITIERES, 94300 VINCENNES",
    "latitude": 48.8478,
    "longitude": 2.4392
  },
  {
    "id": "168",
    "name": "OPTIC DNS",
    "address": "41 RUE NATIONALE",
    "postalCode": "72000",
    "city": "LE MANS",
    "country": "FRA",
    "fullAddress": "41 RUE NATIONALE, 72000 LE MANS",
    "latitude": 48.0067,
    "longitude": 0.1992
  },
  {
    "id": "169",
    "name": "OPTIC D'OR",
    "address": "9 RUE ERIC DE SAINT SAUVEUR",
    "postalCode": "95200",
    "city": "SARCELLES",
    "country": "FRA",
    "fullAddress": "9 RUE ERIC DE SAINT SAUVEUR, 95200 SARCELLES",
    "latitude": 48.9975,
    "longitude": 2.3772
  },
  {
    "id": "170",
    "name": "L'OPTICIEN DU MARAIS",
    "address": "41 RUE DES ARCHIVES",
    "postalCode": "75004",
    "city": "PARIS",
    "country": "FRA",
    "fullAddress": "41 RUE DES ARCHIVES, 75004 PARIS",
    "latitude": 48.8589,
    "longitude": 2.3547
  },
  {
    "id": "171",
    "name": "OPTICLAIR",
    "address": "4 RUE ERARD",
    "postalCode": "75012",
    "city": "PARIS",
    "country": "FRA",
    "fullAddress": "4 RUE ERARD, 75012 PARIS",
    "latitude": 48.8456,
    "longitude": 2.3883
  },
  {
    "id": "172",
    "name": "OPTICLAIR",
    "address": "126 AVENUE DE CLICHY",
    "postalCode": "75017",
    "city": "PARIS",
    "country": "FRA",
    "fullAddress": "126 AVENUE DE CLICHY, 75017 PARIS",
    "latitude": 48.8939,
    "longitude": 2.3194
  },
  {
    "id": "173",
    "name": "OPTICLAIR",
    "address": "74 BOULEVARD ORNANO",
    "postalCode": "75018",
    "city": "PARIS",
    "country": "FRA",
    "fullAddress": "74 BOULEVARD ORNANO, 75018 PARIS",
    "latitude": 48.8900,
    "longitude": 2.3494
  },
  {
    "id": "174",
    "name": "OPTICLASS",
    "address": "1 AVENUE DU BON AVENIR",
    "postalCode": "93420",
    "city": "VILLEPINTE",
    "country": "FRA",
    "fullAddress": "1 AVENUE DU BON AVENIR, 93420 VILLEPINTE",
    "latitude": 48.9586,
    "longitude": 2.5492
  },
  {
    "id": "175",
    "name": "OPTIC LEGROS",
    "address": "14 RUE DU DR CABRE",
    "postalCode": "97100",
    "city": "BASSE-TERRE",
    "country": "GUA",
    "fullAddress": "14 RUE DU DR CABRE, 97100 BASSE-TERRE",
    "latitude": 15.9958,
    "longitude": -61.7292
  },
  {
    "id": "176",
    "name": "OPTIC VAUGIRARD",
    "address": "158 RUE DE VAUGIRARD",
    "postalCode": "75015",
    "city": "PARIS",
    "country": "FRA",
    "fullAddress": "158 RUE DE VAUGIRARD, 75015 PARIS",
    "latitude": 48.8417,
    "longitude": 2.3144
  },
  {
    "id": "177",
    "name": "OPTIQUE VISION",
    "address": "115 AVENUE DE SAINT LOUIS",
    "postalCode": "13015",
    "city": "MARSEILLE",
    "country": "FRA",
    "fullAddress": "115 AVENUE DE SAINT LOUIS, 13015 MARSEILLE",
    "latitude": 43.3397,
    "longitude": 5.3564
  },
  {
    "id": "178",
    "name": "OPTIK & POINT CARE",
    "address": "9 BOULEVARD HENRI POIRIER",
    "postalCode": "95200",
    "city": "SARCELLES",
    "country": "FRA",
    "fullAddress": "9 BOULEVARD HENRI POIRIER, 95200 SARCELLES",
    "latitude": 48.9975,
    "longitude": 2.3772
  },
  {
    "id": "179",
    "name": "OPTIK",
    "address": "29 ROUTE D'INGERSHEIM",
    "postalCode": "68000",
    "city": "COLMAR",
    "country": "FRA",
    "fullAddress": "29 ROUTE D'INGERSHEIM, 68000 COLMAR",
    "latitude": 48.0794,
    "longitude": 7.3558
  },
  {
    "id": "180",
    "name": "OPTIK POUR TOUS",
    "address": "78-80 AVENUE DE LA DIVISION LECLERC",
    "postalCode": "93350",
    "city": "LE BOURGET",
    "country": "FRA",
    "fullAddress": "78-80 AVENUE DE LA DIVISION LECLERC, 93350 LE BOURGET",
    "latitude": 48.9361,
    "longitude": 2.4275
  },
  {
    "id": "181",
    "name": "OPTIKA M",
    "address": "6 BIS QUAI SADI CARNOT",
    "postalCode": "77100",
    "city": "MEAUX",
    "country": "FRA",
    "fullAddress": "6 BIS QUAI SADI CARNOT, 77100 MEAUX",
    "latitude": 48.9600,
    "longitude": 2.8783
  },
  {
    "id": "182",
    "name": "OPTIK BUDGET",
    "address": "67 BOULEVARD LAFAYETTE",
    "postalCode": "63000",
    "city": "CLERMONT-FERRAND",
    "country": "FRA",
    "fullAddress": "67 BOULEVARD LAFAYETTE, 63000 CLERMONT-FERRAND",
    "latitude": 45.7797,
    "longitude": 3.0863
  },
  {
    "id": "183",
    "name": "OPTI'K INO",
    "address": "35 BD GAMBETTA",
    "postalCode": "78300",
    "city": "POISSY",
    "country": "FRA",
    "fullAddress": "35 BD GAMBETTA, 78300 POISSY",
    "latitude": 48.9292,
    "longitude": 2.0461
  },
  {
    "id": "184",
    "name": "OPTIMA OPTIC",
    "address": "8A PLACE DU COMTE DE BENDERN",
    "postalCode": "78170",
    "city": "LA CELLE-SAINT-CLOUD",
    "country": "FRA",
    "fullAddress": "8A PLACE DU COMTE DE BENDERN, 78170 LA CELLE-SAINT-CLOUD",
    "latitude": 48.8500,
    "longitude": 2.1333
  },
  {
    "id": "185",
    "name": "VISION OPTIQUE",
    "address": "6 COURS LAFAYETTE",
    "postalCode": "69003",
    "city": "LYON",
    "country": "FRA",
    "fullAddress": "6 COURS LAFAYETTE, 69003 LYON",
    "latitude": 45.7640,
    "longitude": 4.8357
  },
  {
    "id": "186",
    "name": "OPTIQUE K",
    "address": "346 AVENUE DE BIR HAKEIM",
    "postalCode": "30000",
    "city": "NÎMES",
    "country": "FRA",
    "fullAddress": "346 AVENUE DE BIR HAKEIM, 30000 NÎMES",
    "latitude": 43.8383,
    "longitude": 4.3561
  },
  {
    "id": "187",
    "name": "OPTIQUE LORETTE",
    "address": "63 BOULEVARD BEDIER",
    "postalCode": "49000",
    "city": "ANGERS",
    "country": "FRA",
    "fullAddress": "63 BOULEVARD BEDIER, 49000 ANGERS",
    "latitude": 47.4784,
    "longitude": -0.5632
  },
  {
    "id": "188",
    "name": "OPTIQUE LYS",
    "address": "4 RUE DU VIEUX MOULIN",
    "postalCode": "25310",
    "city": "HÉRIMONCOURT",
    "country": "FRA",
    "fullAddress": "4 RUE DU VIEUX MOULIN, 25310 HÉRIMONCOURT",
    "latitude": 47.4333,
    "longitude": 6.8833
  },
  {
    "id": "189",
    "name": "OPTIQUE MZ",
    "address": "18 PLACE DU MARCHE AU BLE",
    "postalCode": "77130",
    "city": "MONTEREAU",
    "country": "FRA",
    "fullAddress": "18 PLACE DU MARCHE AU BLE, 77130 MONTEREAU",
    "latitude": 48.3847,
    "longitude": 2.9519
  },
  {
    "id": "190",
    "name": "OPTIQUE PRO",
    "address": "9 ALLEE NOTRE DAME DES ANGES",
    "postalCode": "93370",
    "city": "MONTFERMEIL",
    "country": "FRA",
    "fullAddress": "9 ALLEE NOTRE DAME DES ANGES, 93370 MONTFERMEIL",
    "latitude": 48.8986,
    "longitude": 2.5564
  },
  {
    "id": "191",
    "name": "OPTIQUE ET AUDITION",
    "address": "37 BOULEVARD JEAN JAURES",
    "postalCode": "92110",
    "city": "CLICHY",
    "country": "FRA",
    "fullAddress": "37 BOULEVARD JEAN JAURES, 92110 CLICHY",
    "latitude": 48.9022,
    "longitude": 2.3067
  },
  {
    "id": "192",
    "name": "OPTIC LEGROS DESTRELAND",
    "address": "CENTRE COMMERCIAL DESTRELAND",
    "postalCode": "97112",
    "city": "BAIE-MAHAULT",
    "country": "GUA",
    "fullAddress": "CENTRE COMMERCIAL DESTRELAND, 97112 BAIE-MAHAULT",
    "latitude": 16.2700,
    "longitude": -61.5878
  },
  {
    "id": "193",
    "name": "OPTOCENTER",
    "address": "12 RUE DU FAUBOURG DE SAVERNE",
    "postalCode": "67000",
    "city": "STRASBOURG",
    "country": "FRA",
    "fullAddress": "12 RUE DU FAUBOURG DE SAVERNE, 67000 STRASBOURG",
    "latitude": 48.5734,
    "longitude": 7.7521
  },
  {
    "id": "194",
    "name": "OPTIQUE UNTERLINDEN",
    "address": "GALERIE DU REMPART",
    "postalCode": "68000",
    "city": "COLMAR",
    "country": "FRA",
    "fullAddress": "GALERIE DU REMPART, 68000 COLMAR",
    "latitude": 48.0794,
    "longitude": 7.3558
  },
  {
    "id": "195",
    "name": "ORIGINAL OPTIC",
    "address": "9 RUE FRANCHE COMTE",
    "postalCode": "67100",
    "city": "STRASBOURG",
    "country": "FRA",
    "fullAddress": "9 RUE FRANCHE COMTE, 67100 STRASBOURG",
    "latitude": 48.5734,
    "longitude": 7.7521
  },
  {
    "id": "196",
    "name": "OS+ OPTICAL SERVICE",
    "address": "76 RUE DE PROVENCE",
    "postalCode": "75009",
    "city": "PARIS",
    "country": "FRA",
    "fullAddress": "76 RUE DE PROVENCE, 75009 PARIS",
    "latitude": 48.8756,
    "longitude": 2.3300
  },
  {
    "id": "197",
    "name": "OZ OPTIC",
    "address": "13 RUE DU MARECHAL DE LATTRE DE TASSIGNY",
    "postalCode": "95190",
    "city": "GOUSSAINVILLE",
    "country": "FRA",
    "fullAddress": "13 RUE DU MARECHAL DE LATTRE DE TASSIGNY, 95190 GOUSSAINVILLE",
    "latitude": 49.0333,
    "longitude": 2.4667
  },
  {
    "id": "198",
    "name": "PALACE OPTIQUE",
    "address": "114 AVENUE HENRI BARBUSSE",
    "postalCode": "93700",
    "city": "DRANCY",
    "country": "FRA",
    "fullAddress": "114 AVENUE HENRI BARBUSSE, 93700 DRANCY",
    "latitude": 48.9269,
    "longitude": 2.4503
  },
  {
    "id": "199",
    "name": "PANAM'OPTIC",
    "address": "31 BOULEVARD DE BONNE NOUVELLE",
    "postalCode": "75002",
    "city": "PARIS",
    "country": "FRA",
    "fullAddress": "31 BOULEVARD DE BONNE NOUVELLE, 75002 PARIS",
    "latitude": 48.8706,
    "longitude": 2.3464
  },
  {
    "id": "200",
    "name": "PANAM OPTIC",
    "address": "32 RUE DE LA BOETIE",
    "postalCode": "75008",
    "city": "PARIS",
    "country": "FRA",
    "fullAddress": "32 RUE DE LA BOETIE, 75008 PARIS",
    "latitude": 48.8728,
    "longitude": 2.3128
  },
  {
    "id": "201",
    "name": "PANAM OPTIC",
    "address": "13 RUE TURBIGO",
    "postalCode": "75002",
    "city": "PARIS",
    "country": "FRA",
    "fullAddress": "13 RUE TURBIGO, 75002 PARIS",
    "latitude": 48.8633,
    "longitude": 2.3500
  },
  {
    "id": "202",
    "name": "PANTIN OPTIQUE",
    "address": "45 AVENUE JEAN LOLIVE",
    "postalCode": "93500",
    "city": "PANTIN",
    "country": "FRA",
    "fullAddress": "45 AVENUE JEAN LOLIVE, 93500 PANTIN",
    "latitude": 48.8956,
    "longitude": 2.4108
  },
  {
    "id": "203",
    "name": "LA PERLE D OPTIQUE",
    "address": "64 RUE CURIAL",
    "postalCode": "75019",
    "city": "PARIS",
    "country": "FRA",
    "fullAddress": "64 RUE CURIAL, 75019 PARIS",
    "latitude": 48.8944,
    "longitude": 2.3700
  },
  {
    "id": "204",
    "name": "PERSEPOLIS OPTICAL",
    "address": "ZI JARRY",
    "postalCode": "97122",
    "city": "BAIE-MAHAULT",
    "country": "GUA",
    "fullAddress": "ZI JARRY, 97122 BAIE-MAHAULT",
    "latitude": 16.2700,
    "longitude": -61.5878
  },
  {
    "id": "205",
    "name": "PLAISIR DE VOIR",
    "address": "16 RUE PAUL HENRY SPA",
    "postalCode": "77400",
    "city": "SAINT-THIBAULT-DES-VIGNES",
    "country": "FRA",
    "fullAddress": "16 RUE PAUL HENRY SPA, 77400 SAINT-THIBAULT-DES-VIGNES",
    "latitude": 48.8667,
    "longitude": 2.6667
  },
  {
    "id": "206",
    "name": "POINT DE VUE SANTE",
    "address": "26 AVENUE GABRIEL PERI",
    "postalCode": "95870",
    "city": "BEZONS",
    "country": "FRA",
    "fullAddress": "26 AVENUE GABRIEL PERI, 95870 BEZONS",
    "latitude": 48.9244,
    "longitude": 2.2117
  },
  {
    "id": "207",
    "name": "OPTIC DE LA PORTE D'AIX",
    "address": "2 RUE BERNARD DU BOIS",
    "postalCode": "13001",
    "city": "MARSEILLE",
    "country": "FRA",
    "fullAddress": "2 RUE BERNARD DU BOIS, 13001 MARSEILLE",
    "latitude": 43.3000,
    "longitude": 5.3833
  },
  {
    "id": "208",
    "name": "PRESTIGE VISION ET AUDITION",
    "address": "3 RUE BLONDEL",
    "postalCode": "75003",
    "city": "PARIS",
    "country": "FRA",
    "fullAddress": "3 RUE BLONDEL, 75003 PARIS",
    "latitude": 48.8653,
    "longitude": 2.3528
  },
  {
    "id": "209",
    "name": "PRIME OPTIQUE",
    "address": "129 BOULEVARD JEAN MERMOZ",
    "postalCode": "93380",
    "city": "PIERREFITTE-SUR-SEINE",
    "country": "FRA",
    "fullAddress": "129 BOULEVARD JEAN MERMOZ, 93380 PIERREFITTE-SUR-SEINE",
    "latitude": 48.9619,
    "longitude": 2.3617
  },
  {
    "id": "210",
    "name": "PROPTIQUE",
    "address": "20 RUE ARISTIDE BRIAND",
    "postalCode": "78130",
    "city": "LES MUREAUX",
    "country": "FRA",
    "fullAddress": "20 RUE ARISTIDE BRIAND, 78130 LES MUREAUX",
    "latitude": 48.9886,
    "longitude": 1.9169
  },
  {
    "id": "211",
    "name": "REAL EYES",
    "address": "2 RUE DE LA BELLE ETOILE",
    "postalCode": "77230",
    "city": "LONGPERRIER",
    "country": "FRA",
    "fullAddress": "2 RUE DE LA BELLE ETOILE, 77230 LONGPERRIER",
    "latitude": 49.0500,
    "longitude": 2.6667
  },
  {
    "id": "212",
    "name": "RETINEYES",
    "address": "20 AVENUE LOUIS LARIVIERE",
    "postalCode": "93440",
    "city": "DUGNY",
    "country": "FRA",
    "fullAddress": "20 AVENUE LOUIS LARIVIERE, 93440 DUGNY",
    "latitude": 48.9500,
    "longitude": 2.4167
  },
  {
    "id": "213",
    "name": "OPTICAL",
    "address": "23 RUE DU POTEAU",
    "postalCode": "75018",
    "city": "PARIS",
    "country": "FRA",
    "fullAddress": "23 RUE DU POTEAU, 75018 PARIS",
    "latitude": 48.8939,
    "longitude": 2.3417
  },
  {
    "id": "214",
    "name": "POTHIN RICHIE",
    "address": "1683 CHEMIN LAGOURGUE",
    "postalCode": "97440",
    "city": "SAINT-ANDRÉ",
    "country": "REU",
    "fullAddress": "1683 CHEMIN LAGOURGUE, 97440 SAINT-ANDRÉ",
    "latitude": -20.9583,
    "longitude": 55.6533
  },
  {
    "id": "215",
    "name": "SO OPTIC",
    "address": "8 RUE DU VIEIL ABREUVOIR",
    "postalCode": "59100",
    "city": "ROUBAIX",
    "country": "FRA",
    "fullAddress": "8 RUE DU VIEIL ABREUVOIR, 59100 ROUBAIX",
    "latitude": 50.6942,
    "longitude": 3.1746
  },
  {
    "id": "216",
    "name": "DJENAYA OPTIQUE",
    "address": "48 RUE HENRI BARBUSSE",
    "postalCode": "93370",
    "city": "MONTFERMEIL",
    "country": "FRA",
    "fullAddress": "48 RUE HENRI BARBUSSE, 93370 MONTFERMEIL",
    "latitude": 48.8986,
    "longitude": 2.5564
  },
  {
    "id": "217",
    "name": "L'ATELIER DE L'OPTIQUE",
    "address": "3 BOUCLE DU VAL MARIE",
    "postalCode": "57100",
    "city": "THIONVILLE",
    "country": "FRA",
    "fullAddress": "3 BOUCLE DU VAL MARIE, 57100 THIONVILLE",
    "latitude": 49.3578,
    "longitude": 6.1681
  },
  {
    "id": "218",
    "name": "OPTIQUE DE LA GARE SANNOIS",
    "address": "4 PLACE SALVADOR ALLENDE",
    "postalCode": "95110",
    "city": "SANNOIS",
    "country": "FRA",
    "fullAddress": "4 PLACE SALVADOR ALLENDE, 95110 SANNOIS",
    "latitude": 48.9722,
    "longitude": 2.2553
  },
  {
    "id": "219",
    "name": "SEESEE",
    "address": "10 RUE DE PENTHIEVRE",
    "postalCode": "75008",
    "city": "PARIS",
    "country": "FRA",
    "fullAddress": "10 RUE DE PENTHIEVRE, 75008 PARIS",
    "latitude": 48.8728,
    "longitude": 2.3128
  },
  {
    "id": "220",
    "name": "SENSORIEL",
    "address": "1 RUE COLONEL MOLL",
    "postalCode": "93600",
    "city": "AULNAY-SOUS-BOIS",
    "country": "FRA",
    "fullAddress": "1 RUE COLONEL MOLL, 93600 AULNAY-SOUS-BOIS",
    "latitude": 48.9386,
    "longitude": 2.4942
  },
  {
    "id": "221",
    "name": "LA LUNETTERIE / SHIVA",
    "address": "IMMEUBLE GASCHETTE",
    "postalCode": "97231",
    "city": "LE ROBERT",
    "country": "MTQ",
    "fullAddress": "IMMEUBLE GASCHETTE, 97231 LE ROBERT",
    "latitude": 14.6783,
    "longitude": -60.9383
  },
  {
    "id": "222",
    "name": "SHOPTALUNETTE",
    "address": "7 RUE GUIZOT",
    "postalCode": "30000",
    "city": "NÎMES",
    "country": "FRA",
    "fullAddress": "7 RUE GUIZOT, 30000 NÎMES",
    "latitude": 43.8383,
    "longitude": 4.3561
  },
  {
    "id": "223",
    "name": "SIMONIAN OPTICIENS",
    "address": "CC GEANT ALPES PROVENCE",
    "postalCode": "26300",
    "city": "BOURG-DE-PÉAGE",
    "country": "FRA",
    "fullAddress": "CC GEANT ALPES PROVENCE, 26300 BOURG-DE-PÉAGE",
    "latitude": 45.0333,
    "longitude": 5.0500
  },
  {
    "id": "224",
    "name": "SOS OPTIQUE",
    "address": "1 BIS PLACE MARC SANGNIER",
    "postalCode": "69008",
    "city": "LYON",
    "country": "FRA",
    "fullAddress": "1 BIS PLACE MARC SANGNIER, 69008 LYON",
    "latitude": 45.7378,
    "longitude": 4.8553
  },
  {
    "id": "225",
    "name": "OPTIQUE SAINT OUEN",
    "address": "120 AVENUE GABRIEL PERI",
    "postalCode": "93400",
    "city": "SAINT-OUEN",
    "country": "FRA",
    "fullAddress": "120 AVENUE GABRIEL PERI, 93400 SAINT-OUEN",
    "latitude": 48.9122,
    "longitude": 2.3336
  },
  {
    "id": "226",
    "name": "OPTIQUE MOLIERE",
    "address": "19 AVENUE NELSON MANDELA",
    "postalCode": "93240",
    "city": "STAINS",
    "country": "FRA",
    "fullAddress": "19 AVENUE NELSON MANDELA, 93240 STAINS",
    "latitude": 48.9500,
    "longitude": 2.3833
  },
  {
    "id": "227",
    "name": "SAINT BRICE OPTIQUE",
    "address": "47 RUE DE PARIS",
    "postalCode": "95350",
    "city": "SAINT-BRICE-SOUS-FORÊT",
    "country": "FRA",
    "fullAddress": "47 RUE DE PARIS, 95350 SAINT-BRICE-SOUS-FORÊT",
    "latitude": 49.0000,
    "longitude": 2.3500
  },
  {
    "id": "228",
    "name": "STRAS OPTIC 2",
    "address": "8 BLD LEBLOIS",
    "postalCode": "67000",
    "city": "STRASBOURG",
    "country": "FRA",
    "fullAddress": "8 BLD LEBLOIS, 67000 STRASBOURG",
    "latitude": 48.5734,
    "longitude": 7.7521
  },
  {
    "id": "229",
    "name": "THOMAS LUNETIER",
    "address": "8 PLACE DU MARCHE",
    "postalCode": "91310",
    "city": "MONTLHÉRY",
    "country": "FRA",
    "fullAddress": "8 PLACE DU MARCHE, 91310 MONTLHÉRY",
    "latitude": 48.6372,
    "longitude": 2.2722
  },
  {
    "id": "230",
    "name": "VENY OPTIQUE",
    "address": "3 RUE MICHEL GERMANEAU",
    "postalCode": "69200",
    "city": "VÉNISSIEUX",
    "country": "FRA",
    "fullAddress": "3 RUE MICHEL GERMANEAU, 69200 VÉNISSIEUX",
    "latitude": 45.6969,
    "longitude": 4.8869
  },
  {
    "id": "231",
    "name": "VISION D AVENIR CENTRE OPT",
    "address": "179 RUE SAINT MAUR",
    "postalCode": "75010",
    "city": "PARIS",
    "country": "FRA",
    "fullAddress": "179 RUE SAINT MAUR, 75010 PARIS",
    "latitude": 48.8722,
    "longitude": 2.3750
  },
  {
    "id": "232",
    "name": "VISION-ERE OPTIQUE",
    "address": "2 RUE JEAN GOUJON",
    "postalCode": "78180",
    "city": "MONTIGNY-LE-BRETONNEUX",
    "country": "FRA",
    "fullAddress": "2 RUE JEAN GOUJON, 78180 MONTIGNY-LE-BRETONNEUX",
    "latitude": 48.7833,
    "longitude": 2.0333
  },
  {
    "id": "233",
    "name": "VISION-ERE / EYEWEARCAFE",
    "address": "RUE ANTOINE DANSAERT",
    "postalCode": "1000",
    "city": "BRUXELLES",
    "country": "BEL",
    "fullAddress": "RUE ANTOINE DANSAERT, 1000 BRUXELLES",
    "latitude": 50.8503,
    "longitude": 4.3517
  },
  {
    "id": "234",
    "name": "VISION STORE",
    "address": "4 PLACE DE LA LIBERATION",
    "postalCode": "77600",
    "city": "BUSSY-SAINT-GEORGES",
    "country": "FRA",
    "fullAddress": "4 PLACE DE LA LIBERATION, 77600 BUSSY-SAINT-GEORGES",
    "latitude": 48.8417,
    "longitude": 2.7000
  },
  {
    "id": "235",
    "name": "VU & ENTENDU",
    "address": "246 AVENUE PIERRE BROSSOLETTE",
    "postalCode": "94170",
    "city": "LE PERREUX-SUR-MARNE",
    "country": "FRA",
    "fullAddress": "246 AVENUE PIERRE BROSSOLETTE, 94170 LE PERREUX-SUR-MARNE",
    "latitude": 48.8419,
    "longitude": 2.5028
  },
  {
    "id": "236",
    "name": "VU ENTENDU",
    "address": "101-103 AVENUE DE L'EUROPE CC AUCHAN",
    "postalCode": "60180",
    "city": "NOGENT-SUR-OISE",
    "country": "FRA",
    "fullAddress": "101-103 AVENUE DE L'EUROPE CC AUCHAN, 60180 NOGENT-SUR-OISE",
    "latitude": 49.2833,
    "longitude": 2.4667
  },
  {
    "id": "237",
    "name": "WALTER S OPTICIENS",
    "address": "88 RUE DE LONGCHAMPS PLACE MEXICO",
    "postalCode": "75116",
    "city": "PARIS",
    "country": "FRA",
    "fullAddress": "88 RUE DE LONGCHAMPS PLACE MEXICO, 75116 PARIS",
    "latitude": 48.8637,
    "longitude": 2.2769
  },
  {
    "id": "238",
    "name": "WESNEL OPTIQUE",
    "address": "39 AVENUE GAMBETTA",
    "postalCode": "75020",
    "city": "PARIS",
    "country": "FRA",
    "fullAddress": "39 AVENUE GAMBETTA, 75020 PARIS",
    "latitude": 48.8658,
    "longitude": 2.3975
  },
  {
    "id": "239",
    "name": "LA MAISON DU LUNETIER",
    "address": "30 BOULEVARD DE CHARONNE",
    "postalCode": "75020",
    "city": "PARIS",
    "country": "FRA",
    "fullAddress": "30 BOULEVARD DE CHARONNE, 75020 PARIS",
    "latitude": 48.8556,
    "longitude": 2.3939
  },
  {
    "id": "240",
    "name": "Y VOIR CLAIR",
    "address": "3 RUE DE COLMAR",
    "postalCode": "78200",
    "city": "MANTES-LA-JOLIE",
    "country": "FRA",
    "fullAddress": "3 RUE DE COLMAR, 78200 MANTES-LA-JOLIE",
    "latitude": 48.9908,
    "longitude": 1.7169
  },
  {
    "id": "241",
    "name": "ZAFF OPTICAL",
    "address": "11 RUE DU POT D'OR",
    "postalCode": "4000",
    "city": "LIÈGE",
    "country": "BEL",
    "fullAddress": "11 RUE DU POT D'OR, 4000 LIÈGE",
    "latitude": 50.6408,
    "longitude": 5.5697
  },
  {
    "id": "242",
    "name": "MON OPTICIEN / SUBLIME OPT",
    "address": "60 AVENUE VICTOR TUBY",
    "postalCode": "06140",
    "city": "VENCE",
    "country": "FRA",
    "fullAddress": "60 AVENUE VICTOR TUBY, 06140 VENCE",
    "latitude": 43.7225,
    "longitude": 7.1119
  }
]